Cons;ProductID;BusinessEntityID;AverageLeadTime;AccountNumber;Name
0;422;1492;17;AUSTRALI0001;Australia Bike Retailer
1;423;1492;17;AUSTRALI0001;Australia Bike Retailer
2;424;1492;17;AUSTRALI0001;Australia Bike Retailer
3;425;1492;17;AUSTRALI0001;Australia Bike Retailer
4;426;1492;17;AUSTRALI0001;Australia Bike Retailer
5;427;1492;17;AUSTRALI0001;Australia Bike Retailer
6;428;1492;17;AUSTRALI0001;Australia Bike Retailer
7;429;1492;17;AUSTRALI0001;Australia Bike Retailer
8;430;1492;17;AUSTRALI0001;Australia Bike Retailer
9;431;1492;17;AUSTRALI0001;Australia Bike Retailer
10;432;1492;17;AUSTRALI0001;Australia Bike Retailer
11;433;1492;17;AUSTRALI0001;Australia Bike Retailer
12;434;1492;17;AUSTRALI0001;Australia Bike Retailer
13;435;1492;17;AUSTRALI0001;Australia Bike Retailer
14;436;1492;17;AUSTRALI0001;Australia Bike Retailer
15;437;1492;17;AUSTRALI0001;Australia Bike Retailer
16;530;1494;17;ALLENSON0001;Allenson Cycles
17;359;1496;17;ADVANCED0001;Advanced Bicycles
18;360;1496;17;ADVANCED0001;Advanced Bicycles
19;361;1496;17;ADVANCED0001;Advanced Bicycles
20;362;1496;17;ADVANCED0001;Advanced Bicycles
21;363;1496;17;ADVANCED0001;Advanced Bicycles
22;364;1496;17;ADVANCED0001;Advanced Bicycles
23;365;1496;17;ADVANCED0001;Advanced Bicycles
24;366;1496;17;ADVANCED0001;Advanced Bicycles
25;367;1496;17;ADVANCED0001;Advanced Bicycles
26;368;1496;17;ADVANCED0001;Advanced Bicycles
27;369;1496;17;ADVANCED0001;Advanced Bicycles
28;370;1496;17;ADVANCED0001;Advanced Bicycles
29;371;1496;17;ADVANCED0001;Advanced Bicycles
30;372;1496;17;ADVANCED0001;Advanced Bicycles
31;373;1496;17;ADVANCED0001;Advanced Bicycles
32;374;1496;17;ADVANCED0001;Advanced Bicycles
33;921;1498;19;TRIKES0001;Trikes, Inc.
34;930;1498;19;TRIKES0001;Trikes, Inc.
35;358;1500;16;MORGANB0001;Morgan Bike Accessories
36;506;1504;15;CHICAGO0002;Chicago Rent-All
37;935;1506;18;GREENWOO0001;Greenwood Athletic Company
38;936;1506;18;GREENWOO0001;Greenwood Athletic Company
39;940;1508;15;COMPETE0001;Compete Enterprises, Inc
40;535;1508;15;COMPETE0001;Compete Enterprises, Inc
41;355;1508;15;COMPETE0001;Compete Enterprises, Inc
42;462;1510;18;INTERNAT0001;International
43;320;1514;19;TRAINING0001;Training Systems
44;321;1514;19;TRAINING0001;Training Systems
45;322;1514;19;TRAINING0001;Training Systems
46;356;1516;18;GARDNER0001;Gardner Touring Cycles
47;357;1516;18;GARDNER0001;Gardner Touring Cycles
48;842;1518;120;INTERNAT0004;International Trek Center
49;843;1518;10;INTERNAT0004;International Trek Center
50;844;1518;25;INTERNAT0004;International Trek Center
51;845;1518;25;INTERNAT0004;International Trek Center
52;846;1518;30;INTERNAT0004;International Trek Center
53;847;1518;30;INTERNAT0004;International Trek Center
54;848;1518;45;INTERNAT0004;International Trek Center
55;707;1520;30;G&KBI0001;G & K Bicycle Corp.
56;708;1520;30;G&KBI0001;G & K Bicycle Corp.
57;711;1520;45;G&KBI0001;G & K Bicycle Corp.
58;526;1522;15;FIRSTNA0001;First National Sport Co.
59;510;1526;18;INTERNAT0002;International Bicycles
60;511;1526;18;INTERNAT0002;International Bicycles
61;507;1530;15;COMFORT0001;Comfort Road Bicycles
62;508;1530;15;COMFORT0001;Comfort Road Bicycles
63;437;1534;19;READYRE0001;Ready Rentals
64;436;1534;19;READYRE0001;Ready Rentals
65;435;1534;19;READYRE0001;Ready Rentals
66;434;1534;19;READYRE0001;Ready Rentals
67;433;1534;19;READYRE0001;Ready Rentals
68;432;1534;19;READYRE0001;Ready Rentals
69;431;1534;19;READYRE0001;Ready Rentals
70;430;1534;19;READYRE0001;Ready Rentals
71;429;1534;19;READYRE0001;Ready Rentals
72;428;1534;19;READYRE0001;Ready Rentals
73;427;1534;19;READYRE0001;Ready Rentals
74;426;1534;19;READYRE0001;Ready Rentals
75;425;1534;19;READYRE0001;Ready Rentals
76;424;1534;19;READYRE0001;Ready Rentals
77;423;1534;19;READYRE0001;Ready Rentals
78;422;1534;19;READYRE0001;Ready Rentals
79;375;1536;15;CRUGERB0001;Cruger Bike Company
80;376;1536;15;CRUGERB0001;Cruger Bike Company
81;377;1536;15;CRUGERB0001;Cruger Bike Company
82;378;1536;15;CRUGERB0001;Cruger Bike Company
83;379;1536;15;CRUGERB0001;Cruger Bike Company
84;380;1536;15;CRUGERB0001;Cruger Bike Company
85;381;1536;15;CRUGERB0001;Cruger Bike Company
86;382;1536;15;CRUGERB0001;Cruger Bike Company
87;383;1536;15;CRUGERB0001;Cruger Bike Company
88;384;1536;15;CRUGERB0001;Cruger Bike Company
89;385;1536;15;CRUGERB0001;Cruger Bike Company
90;386;1536;15;CRUGERB0001;Cruger Bike Company
91;387;1536;15;CRUGERB0001;Cruger Bike Company
92;388;1536;15;CRUGERB0001;Cruger Bike Company
93;389;1536;15;CRUGERB0001;Cruger Bike Company
94;390;1536;15;CRUGERB0001;Cruger Bike Company
95;391;1536;15;CRUGERB0001;Cruger Bike Company
96;392;1536;15;CRUGERB0001;Cruger Bike Company
97;393;1536;15;CRUGERB0001;Cruger Bike Company
98;394;1536;15;CRUGERB0001;Cruger Bike Company
99;395;1536;15;CRUGERB0001;Cruger Bike Company
100;396;1536;15;CRUGERB0001;Cruger Bike Company
101;397;1536;15;CRUGERB0001;Cruger Bike Company
102;929;1538;19;VISTARO0001;Vista Road Bikes
103;928;1538;19;VISTARO0001;Vista Road Bikes
104;461;1540;17;BERGERON0001;Bergeron Off-Roads
105;438;1540;17;BERGERON0001;Bergeron Off-Roads
106;439;1540;17;BERGERON0001;Bergeron Off-Roads
107;440;1540;17;BERGERON0001;Bergeron Off-Roads
108;441;1540;17;BERGERON0001;Bergeron Off-Roads
109;442;1540;17;BERGERON0001;Bergeron Off-Roads
110;443;1540;17;BERGERON0001;Bergeron Off-Roads
111;444;1540;17;BERGERON0001;Bergeron Off-Roads
112;445;1540;17;BERGERON0001;Bergeron Off-Roads
113;446;1540;17;BERGERON0001;Bergeron Off-Roads
114;447;1540;17;BERGERON0001;Bergeron Off-Roads
115;448;1540;17;BERGERON0001;Bergeron Off-Roads
116;449;1540;17;BERGERON0001;Bergeron Off-Roads
117;450;1540;17;BERGERON0001;Bergeron Off-Roads
118;451;1540;17;BERGERON0001;Bergeron Off-Roads
119;452;1540;17;BERGERON0001;Bergeron Off-Roads
120;453;1540;17;BERGERON0001;Bergeron Off-Roads
121;454;1540;17;BERGERON0001;Bergeron Off-Roads
122;455;1540;17;BERGERON0001;Bergeron Off-Roads
123;456;1540;17;BERGERON0001;Bergeron Off-Roads
124;457;1540;17;BERGERON0001;Bergeron Off-Roads
125;458;1540;17;BERGERON0001;Bergeron Off-Roads
126;459;1540;17;BERGERON0001;Bergeron Off-Roads
127;460;1540;17;BERGERON0001;Bergeron Off-Roads
128;911;1542;18;HILLSBI0001;Hill's Bicycle Service
129;912;1542;18;HILLSBI0001;Hill's Bicycle Service
130;679;1544;15;CIRCUIT0001;Circuit Cycles
131;351;1544;15;CIRCUIT0001;Circuit Cycles
132;352;1544;15;CIRCUIT0001;Circuit Cycles
133;870;1546;45;GREENLA0001;Green Lake Bike Company
134;871;1546;45;GREENLA0001;Green Lake Bike Company
135;872;1546;45;GREENLA0001;Green Lake Bike Company
136;873;1546;45;GREENLA0001;Green Lake Bike Company
137;876;1546;45;GREENLA0001;Green Lake Bike Company
138;877;1546;45;GREENLA0001;Green Lake Bike Company
139;878;1546;45;GREENLA0001;Green Lake Bike Company
140;879;1546;45;GREENLA0001;Green Lake Bike Company
141;880;1546;45;GREENLA0001;Green Lake Bike Company
142;491;1548;15;CONSUMER0001;Consumer Cycles
143;359;1554;19;WESTAMER0001;WestAmerica Bicycle Co.
144;367;1554;19;WESTAMER0001;WestAmerica Bicycle Co.
145;366;1554;19;WESTAMER0001;WestAmerica Bicycle Co.
146;365;1554;19;WESTAMER0001;WestAmerica Bicycle Co.
147;364;1554;19;WESTAMER0001;WestAmerica Bicycle Co.
148;363;1554;19;WESTAMER0001;WestAmerica Bicycle Co.
149;362;1554;19;WESTAMER0001;WestAmerica Bicycle Co.
150;361;1554;19;WESTAMER0001;WestAmerica Bicycle Co.
151;360;1554;19;WESTAMER0001;WestAmerica Bicycle Co.
152;374;1554;19;WESTAMER0001;WestAmerica Bicycle Co.
153;373;1554;19;WESTAMER0001;WestAmerica Bicycle Co.
154;372;1554;19;WESTAMER0001;WestAmerica Bicycle Co.
155;371;1554;19;WESTAMER0001;WestAmerica Bicycle Co.
156;370;1554;19;WESTAMER0001;WestAmerica Bicycle Co.
157;369;1554;19;WESTAMER0001;WestAmerica Bicycle Co.
158;368;1554;19;WESTAMER0001;WestAmerica Bicycle Co.
159;319;1556;19;WESTJUN0001;West Junction Cycles
160;523;1560;17;CAPITAL0001;Capital Road Cycles
161;524;1560;17;CAPITAL0001;Capital Road Cycles
162;375;1562;16;NORSTAN0001;Norstan Bike Hut
163;383;1562;16;NORSTAN0001;Norstan Bike Hut
164;382;1562;16;NORSTAN0001;Norstan Bike Hut
165;381;1562;16;NORSTAN0001;Norstan Bike Hut
166;380;1562;16;NORSTAN0001;Norstan Bike Hut
167;379;1562;16;NORSTAN0001;Norstan Bike Hut
168;378;1562;16;NORSTAN0001;Norstan Bike Hut
169;377;1562;16;NORSTAN0001;Norstan Bike Hut
170;376;1562;16;NORSTAN0001;Norstan Bike Hut
171;397;1562;16;NORSTAN0001;Norstan Bike Hut
172;396;1562;16;NORSTAN0001;Norstan Bike Hut
173;395;1562;16;NORSTAN0001;Norstan Bike Hut
174;394;1562;16;NORSTAN0001;Norstan Bike Hut
175;393;1562;16;NORSTAN0001;Norstan Bike Hut
176;392;1562;16;NORSTAN0001;Norstan Bike Hut
177;391;1562;16;NORSTAN0001;Norstan Bike Hut
178;390;1562;16;NORSTAN0001;Norstan Bike Hut
179;389;1562;16;NORSTAN0001;Norstan Bike Hut
180;388;1562;16;NORSTAN0001;Norstan Bike Hut
181;387;1562;16;NORSTAN0001;Norstan Bike Hut
182;386;1562;16;NORSTAN0001;Norstan Bike Hut
183;385;1562;16;NORSTAN0001;Norstan Bike Hut
184;384;1562;16;NORSTAN0001;Norstan Bike Hut
185;497;1566;17;BURNETT0001;Burnett Road Warriors
186;476;1568;15;CUSTOMF0001;Custom Frames, Inc.
187;477;1568;15;CUSTOMF0001;Custom Frames, Inc.
188;478;1568;15;CUSTOMF0001;Custom Frames, Inc.
189;479;1568;15;CUSTOMF0001;Custom Frames, Inc.
190;480;1568;15;CUSTOMF0001;Custom Frames, Inc.
191;481;1568;15;CUSTOMF0001;Custom Frames, Inc.
192;482;1568;15;CUSTOMF0001;Custom Frames, Inc.
193;483;1568;15;CUSTOMF0001;Custom Frames, Inc.
194;484;1568;15;CUSTOMF0001;Custom Frames, Inc.
195;485;1568;15;CUSTOMF0001;Custom Frames, Inc.
196;486;1568;15;CUSTOMF0001;Custom Frames, Inc.
197;487;1568;15;CUSTOMF0001;Custom Frames, Inc.
198;488;1568;15;CUSTOMF0001;Custom Frames, Inc.
199;489;1568;15;CUSTOMF0001;Custom Frames, Inc.
200;913;1570;15;FIRSTRA0001;First Rate Bicycles
201;908;1570;15;FIRSTRA0001;First Rate Bicycles
202;909;1570;15;FIRSTRA0001;First Rate Bicycles
203;357;1572;16;NATIONAL0001;National Bike Association
204;356;1572;16;NATIONAL0001;National Bike Association
205;874;1574;25;JEFFSSP0001;Jeff's Sporting Goods
206;875;1574;25;JEFFSSP0001;Jeff's Sporting Goods
207;709;1574;12;JEFFSSP0001;Jeff's Sporting Goods
208;710;1574;12;JEFFSSP0001;Jeff's Sporting Goods
209;907;1576;19;SUPERIOR0001;Superior Bicycles
210;948;1576;19;SUPERIOR0001;Superior Bicycles
211;319;1578;19;VISIONC0001;Vision Cycles, Inc.
212;318;1578;19;VISIONC0001;Vision Cycles, Inc.
213;317;1578;19;VISIONC0001;Vision Cycles, Inc.
214;1;1580;17;LITWARE0001;Litware, Inc.
215;463;1582;18;INNERCI0001;Inner City Bikes
216;464;1582;18;INNERCI0001;Inner City Bikes
217;465;1582;18;INNERCI0001;Inner City Bikes
218;466;1582;18;INNERCI0001;Inner City Bikes
219;467;1582;18;INNERCI0001;Inner City Bikes
220;468;1582;18;INNERCI0001;Inner City Bikes
221;469;1582;18;INNERCI0001;Inner City Bikes
222;470;1582;18;INNERCI0001;Inner City Bikes
223;471;1582;18;INNERCI0001;Inner City Bikes
224;472;1582;18;INNERCI0001;Inner City Bikes
225;473;1582;18;INNERCI0001;Inner City Bikes
226;474;1582;18;INNERCI0001;Inner City Bikes
227;475;1582;18;INNERCI0001;Inner City Bikes
228;492;1584;16;TREYRE0001;Trey Research
229;493;1584;16;TREYRE0001;Trey Research
230;494;1584;16;TREYRE0001;Trey Research
231;495;1584;16;TREYRE0001;Trey Research
232;496;1584;16;TREYRE0001;Trey Research
233;938;1586;16;MITCHELL0001;Mitchell Sports
234;939;1586;16;MITCHELL0001;Mitchell Sports
235;931;1588;19;SIGNATUR0001;Signature Cycles
236;932;1588;19;SIGNATUR0001;Signature Cycles
237;325;1590;19;SUPERSAL0001;SUPERSALES INC.
238;326;1590;19;SUPERSAL0001;SUPERSALES INC.
239;490;1592;16;LINDELL0001;Lindell
240;491;1592;16;LINDELL0001;Lindell
241;849;1594;45;FITNESS0001;Fitness Association
242;850;1594;45;FITNESS0001;Fitness Association
243;851;1594;45;FITNESS0001;Fitness Association
244;852;1594;60;FITNESS0001;Fitness Association
245;853;1594;60;FITNESS0001;Fitness Association
246;854;1594;60;FITNESS0001;Fitness Association
247;855;1594;60;FITNESS0001;Fitness Association
248;856;1594;60;FITNESS0001;Fitness Association
249;857;1594;60;FITNESS0001;Fitness Association
250;341;1598;15;CONTINEN0001;Continental Pro Cycles
251;342;1598;15;CONTINEN0001;Continental Pro Cycles
252;343;1598;15;CONTINEN0001;Continental Pro Cycles
253;344;1598;15;CONTINEN0001;Continental Pro Cycles
254;345;1598;15;CONTINEN0001;Continental Pro Cycles
255;346;1598;15;CONTINEN0001;Continental Pro Cycles
256;347;1598;15;CONTINEN0001;Continental Pro Cycles
257;348;1598;15;CONTINEN0001;Continental Pro Cycles
258;349;1598;15;CONTINEN0001;Continental Pro Cycles
259;525;1600;15;FEDERAL0001;Federal Sport
260;322;1602;17;BEAUMONT0001;Beaumont Bikes
261;321;1602;17;BEAUMONT0001;Beaumont Bikes
262;320;1602;17;BEAUMONT0001;Beaumont Bikes
263;320;1604;17;BIKESAT0001;Bike Satellite Inc.
264;321;1604;17;BIKESAT0001;Bike Satellite Inc.
265;322;1604;17;BIKESAT0001;Bike Satellite Inc.
266;332;1608;19;SPORTPL0001;Sport Playground
267;910;1610;18;HYBRIDB0001;Hybrid Bicycle Center
268;505;1612;16;MIDWEST0001;Midwest Sport, Inc.
269;341;1614;19;RELIANCE0001;Reliance Fitness, Inc.
270;343;1614;19;RELIANCE0001;Reliance Fitness, Inc.
271;342;1614;19;RELIANCE0001;Reliance Fitness, Inc.
272;347;1614;19;RELIANCE0001;Reliance Fitness, Inc.
273;346;1614;19;RELIANCE0001;Reliance Fitness, Inc.
274;345;1614;19;RELIANCE0001;Reliance Fitness, Inc.
275;344;1614;19;RELIANCE0001;Reliance Fitness, Inc.
276;349;1614;19;RELIANCE0001;Reliance Fitness, Inc.
277;348;1614;19;RELIANCE0001;Reliance Fitness, Inc.
278;403;1616;17;AURORAB0001;Aurora Bike Center
279;404;1616;17;AURORAB0001;Aurora Bike Center
280;421;1616;17;AURORAB0001;Aurora Bike Center
281;405;1616;17;AURORAB0001;Aurora Bike Center
282;406;1616;17;AURORAB0001;Aurora Bike Center
283;407;1616;17;AURORAB0001;Aurora Bike Center
284;408;1616;17;AURORAB0001;Aurora Bike Center
285;409;1616;17;AURORAB0001;Aurora Bike Center
286;410;1616;17;AURORAB0001;Aurora Bike Center
287;411;1616;17;AURORAB0001;Aurora Bike Center
288;412;1616;17;AURORAB0001;Aurora Bike Center
289;413;1616;17;AURORAB0001;Aurora Bike Center
290;414;1616;17;AURORAB0001;Aurora Bike Center
291;415;1616;17;AURORAB0001;Aurora Bike Center
292;416;1616;17;AURORAB0001;Aurora Bike Center
293;417;1616;17;AURORAB0001;Aurora Bike Center
294;418;1616;17;AURORAB0001;Aurora Bike Center
295;419;1616;17;AURORAB0001;Aurora Bike Center
296;420;1616;17;AURORAB0001;Aurora Bike Center
297;528;1618;16;METROSP0001;Metro Sport Equipment
298;523;1620;16;LAKEWOOD0001;Lakewood Bicycle
299;348;1622;19;SPEEDCO0001;Speed Corporation
300;349;1622;19;SPEEDCO0001;Speed Corporation
301;344;1622;19;SPEEDCO0001;Speed Corporation
302;345;1622;19;SPEEDCO0001;Speed Corporation
303;346;1622;19;SPEEDCO0001;Speed Corporation
304;347;1622;19;SPEEDCO0001;Speed Corporation
305;342;1622;19;SPEEDCO0001;Speed Corporation
306;343;1622;19;SPEEDCO0001;Speed Corporation
307;341;1622;19;SPEEDCO0001;Speed Corporation
308;508;1624;15;COMPETIT0001;Competition Bike Training Systems
309;507;1624;15;COMPETIT0001;Competition Bike Training Systems
310;524;1626;18;HILLBIC0001;Hill Bicycle Center
311;941;1628;17;BICYCLE0001;Bicycle Specialists
312;929;1632;19;SPORTFA0001;Sport Fan Co.
313;930;1632;19;SPORTFA0001;Sport Fan Co.
314;928;1632;19;SPORTFA0001;Sport Fan Co.
315;712;1636;45;INTEGRAT0001;Integrated Sport Products
316;713;1636;45;INTEGRAT0001;Integrated Sport Products
317;714;1636;45;INTEGRAT0001;Integrated Sport Products
318;715;1636;45;INTEGRAT0001;Integrated Sport Products
319;716;1636;45;INTEGRAT0001;Integrated Sport Products
320;841;1636;60;INTEGRAT0001;Integrated Sport Products
321;881;1636;30;INTEGRAT0001;Integrated Sport Products
322;882;1636;30;INTEGRAT0001;Integrated Sport Products
323;883;1636;30;INTEGRAT0001;Integrated Sport Products
324;884;1636;30;INTEGRAT0001;Integrated Sport Products
325;937;1638;18;INLINEA0001;Inline Accessories
326;527;1644;18;INTERNAT0003;International Sport Assoc.
327;510;1646;15;ELECTRON0002;Electronic Bike Repair & Supplies
328;511;1646;15;ELECTRON0002;Electronic Bike Repair & Supplies
329;512;1646;15;ELECTRON0002;Electronic Bike Repair & Supplies
330;402;1648;15;WIDEWOR0001;Wide World Importers
331;4;1650;17;AMERICAN0001;American Bicycles and Wheels
332;933;1652;19;VICTORY0001;Victory Bikes
333;934;1652;19;VICTORY0001;Victory Bikes
334;922;1652;19;VICTORY0001;Victory Bikes
335;923;1652;19;VICTORY0001;Victory Bikes
336;512;1654;17;AMERICAN0002;American Bikes
337;376;1656;16;MOUNTAIN0001;Mountain Works
338;377;1656;16;MOUNTAIN0001;Mountain Works
339;378;1656;16;MOUNTAIN0001;Mountain Works
340;379;1656;16;MOUNTAIN0001;Mountain Works
341;380;1656;16;MOUNTAIN0001;Mountain Works
342;381;1656;16;MOUNTAIN0001;Mountain Works
343;375;1656;16;MOUNTAIN0001;Mountain Works
344;460;1656;16;MOUNTAIN0001;Mountain Works
345;459;1656;16;MOUNTAIN0001;Mountain Works
346;458;1656;16;MOUNTAIN0001;Mountain Works
347;457;1656;16;MOUNTAIN0001;Mountain Works
348;456;1656;16;MOUNTAIN0001;Mountain Works
349;455;1656;16;MOUNTAIN0001;Mountain Works
350;454;1656;16;MOUNTAIN0001;Mountain Works
351;453;1656;16;MOUNTAIN0001;Mountain Works
352;452;1656;16;MOUNTAIN0001;Mountain Works
353;451;1656;16;MOUNTAIN0001;Mountain Works
354;450;1656;16;MOUNTAIN0001;Mountain Works
355;449;1656;16;MOUNTAIN0001;Mountain Works
356;448;1656;16;MOUNTAIN0001;Mountain Works
357;447;1656;16;MOUNTAIN0001;Mountain Works
358;446;1656;16;MOUNTAIN0001;Mountain Works
359;445;1656;16;MOUNTAIN0001;Mountain Works
360;444;1656;16;MOUNTAIN0001;Mountain Works
361;443;1656;16;MOUNTAIN0001;Mountain Works
362;442;1656;16;MOUNTAIN0001;Mountain Works
363;441;1656;16;MOUNTAIN0001;Mountain Works
364;440;1656;16;MOUNTAIN0001;Mountain Works
365;439;1656;16;MOUNTAIN0001;Mountain Works
366;438;1656;16;MOUNTAIN0001;Mountain Works
367;936;1658;15;CROWLEY0001;Crowley Sport
368;935;1658;15;CROWLEY0001;Crowley Sport
369;490;1662;16;NORTHERN0001;Northern Bike Travel
370;513;1664;17;ANDERSON0001;Anderson's Custom Bikes
371;437;1666;16;LEAFRIV0001;Leaf River Terrain
372;422;1666;16;LEAFRIV0001;Leaf River Terrain
373;423;1666;16;LEAFRIV0001;Leaf River Terrain
374;424;1666;16;LEAFRIV0001;Leaf River Terrain
375;425;1666;16;LEAFRIV0001;Leaf River Terrain
376;426;1666;16;LEAFRIV0001;Leaf River Terrain
377;427;1666;16;LEAFRIV0001;Leaf River Terrain
378;428;1666;16;LEAFRIV0001;Leaf River Terrain
379;429;1666;16;LEAFRIV0001;Leaf River Terrain
380;430;1666;16;LEAFRIV0001;Leaf River Terrain
381;431;1666;16;LEAFRIV0001;Leaf River Terrain
382;432;1666;16;LEAFRIV0001;Leaf River Terrain
383;433;1666;16;LEAFRIV0001;Leaf River Terrain
384;434;1666;16;LEAFRIV0001;Leaf River Terrain
385;435;1666;16;LEAFRIV0001;Leaf River Terrain
386;436;1666;16;LEAFRIV0001;Leaf River Terrain
387;409;1672;15;EXPERTB0001;Expert Bike Co
388;408;1672;15;EXPERTB0001;Expert Bike Co
389;407;1672;15;EXPERTB0001;Expert Bike Co
390;406;1672;15;EXPERTB0001;Expert Bike Co
391;405;1672;15;EXPERTB0001;Expert Bike Co
392;404;1672;15;EXPERTB0001;Expert Bike Co
393;403;1672;15;EXPERTB0001;Expert Bike Co
394;915;1672;15;EXPERTB0001;Expert Bike Co
395;916;1672;15;EXPERTB0001;Expert Bike Co
396;914;1672;15;EXPERTB0001;Expert Bike Co
397;952;1674;19;VARSITY0001;Varsity Sport Co.
398;858;1676;15;TEAMATH0001;Team Athletic Co.
399;859;1676;15;TEAMATH0001;Team Athletic Co.
400;860;1676;15;TEAMATH0001;Team Athletic Co.
401;861;1676;25;TEAMATH0001;Team Athletic Co.
402;862;1676;25;TEAMATH0001;Team Athletic Co.
403;863;1676;25;TEAMATH0001;Team Athletic Co.
404;864;1676;35;TEAMATH0001;Team Athletic Co.
405;865;1676;35;TEAMATH0001;Team Athletic Co.
406;866;1676;35;TEAMATH0001;Team Athletic Co.
407;867;1676;25;TEAMATH0001;Team Athletic Co.
408;868;1676;25;TEAMATH0001;Team Athletic Co.
409;869;1676;25;TEAMATH0001;Team Athletic Co.
410;317;1678;17;PROSE0001;Proseware, Inc.
411;318;1678;17;PROSE0001;Proseware, Inc.
412;319;1678;17;PROSE0001;Proseware, Inc.
413;509;1680;16;JACKSON0001;Jackson Authority
414;938;1680;16;JACKSON0001;Jackson Authority
415;939;1680;16;JACKSON0001;Jackson Authority
416;513;1682;19;PREMIER0001;Premier Sport, Inc.
417;934;1684;19;PROFESSI0001;Professional Athletic Consultants
418;933;1684;19;PROFESSI0001;Professional Athletic Consultants
419;932;1684;19;PROFESSI0001;Professional Athletic Consultants
420;931;1684;19;PROFESSI0001;Professional Athletic Consultants
421;403;1686;19;PROSPOR0001;Pro Sport Industries
422;404;1686;19;PROSPOR0001;Pro Sport Industries
423;405;1686;19;PROSPOR0001;Pro Sport Industries
424;406;1686;19;PROSPOR0001;Pro Sport Industries
425;407;1686;19;PROSPOR0001;Pro Sport Industries
426;408;1686;19;PROSPOR0001;Pro Sport Industries
427;409;1686;19;PROSPOR0001;Pro Sport Industries
428;410;1686;19;PROSPOR0001;Pro Sport Industries
429;412;1686;19;PROSPOR0001;Pro Sport Industries
430;411;1686;19;PROSPOR0001;Pro Sport Industries
431;420;1686;19;PROSPOR0001;Pro Sport Industries
432;419;1686;19;PROSPOR0001;Pro Sport Industries
433;418;1686;19;PROSPOR0001;Pro Sport Industries
434;417;1686;19;PROSPOR0001;Pro Sport Industries
435;416;1686;19;PROSPOR0001;Pro Sport Industries
436;415;1686;19;PROSPOR0001;Pro Sport Industries
437;414;1686;19;PROSPOR0001;Pro Sport Industries
438;413;1686;19;PROSPOR0001;Pro Sport Industries
439;421;1686;19;PROSPOR0001;Pro Sport Industries
440;2;1688;19;WOODFIT0001;Wood Fitness
441;504;1690;17;BLOOMING0001;Bloomington Multisport
442;496;1692;17;CARLSON0001;Carlson Specialties
443;495;1692;17;CARLSON0001;Carlson Specialties
444;492;1692;17;CARLSON0001;Carlson Specialties
445;494;1692;17;CARLSON0001;Carlson Specialties
446;493;1692;17;CARLSON0001;Carlson Specialties
447;679;1694;15;COMPETE0002;Compete, Inc.
448;352;1694;15;COMPETE0002;Compete, Inc.
449;351;1694;15;COMPETE0002;Compete, Inc.
450;916;1696;17;CHICAGO0001;Chicago City Saddles
451;915;1696;17;CHICAGO0001;Chicago City Saddles
452;914;1696;17;CHICAGO0001;Chicago City Saddles
453;913;1696;17;CHICAGO0001;Chicago City Saddles
454;912;1696;17;CHICAGO0001;Chicago City Saddles
455;911;1696;17;CHICAGO0001;Chicago City Saddles
456;908;1696;17;CHICAGO0001;Chicago City Saddles
457;910;1696;17;CHICAGO0001;Chicago City Saddles
458;909;1696;17;CHICAGO0001;Chicago City Saddles
459;323;1698;17;BUSINESS0001;Business Equipment Center
